id,name,type1,type2,generation,dexnumber
1,Bisasam,Pflanze,Gift,1,1
2,Bisaknosp,Pflanze,Gift,1,2
3,Bisaflor,Pflanze,Gift,1,3
4,Glumanda,Feuer,,1,4
5,Glutexo,Feuer,,1,5
6,Glurak,Feuer,Flug,1,6
7,Schiggy,Wasser,,1,7
8,Schillok,Wasser,,1,8
9,Turtok,Wasser,,1,9
10,Raupy,Käfer,,1,10
11,Safcon,Käfer,,1,11
12,Smettbo,Käfer,Flug,1,12
13,Hornliu,Käfer,Gift,1,13
14,Kokuna,Käfer,Gift,1,14
15,Bibor,Käfer,Gift,1,15
16,Taubsi,Normal,Flug,1,16
17,Tauboga,Normal,Flug,1,17
18,Tauboss,Normal,Flug,1,18
19,Rattfratz,Normal,,1,19
20,Rattikarl,Normal,,1,20
21,Pokemon_21,Unbekannt,,1,21
22,Pokemon_22,Unbekannt,,1,22
23,Pokemon_23,Unbekannt,,1,23
24,Pokemon_24,Unbekannt,,1,24
25,Pokemon_25,Unbekannt,,1,25
26,Pokemon_26,Unbekannt,,1,26
27,Pokemon_27,Unbekannt,,1,27
28,Pokemon_28,Unbekannt,,1,28
29,Pokemon_29,Unbekannt,,1,29
30,Pokemon_30,Unbekannt,,1,30
31,Pokemon_31,Unbekannt,,1,31
32,Pokemon_32,Unbekannt,,1,32
33,Pokemon_33,Unbekannt,,1,33
34,Pokemon_34,Unbekannt,,1,34
35,Pokemon_35,Unbekannt,,1,35
36,Pokemon_36,Unbekannt,,1,36
37,Pokemon_37,Unbekannt,,1,37
38,Pokemon_38,Unbekannt,,1,38
39,Pokemon_39,Unbekannt,,1,39
40,Pokemon_40,Unbekannt,,1,40
41,Pokemon_41,Unbekannt,,1,41
42,Pokemon_42,Unbekannt,,1,42
43,Pokemon_43,Unbekannt,,1,43
44,Pokemon_44,Unbekannt,,1,44
45,Pokemon_45,Unbekannt,,1,45
46,Pokemon_46,Unbekannt,,1,46
47,Pokemon_47,Unbekannt,,1,47
48,Pokemon_48,Unbekannt,,1,48
49,Pokemon_49,Unbekannt,,1,49
50,Pokemon_50,Unbekannt,,1,50
51,Pokemon_51,Unbekannt,,1,51
52,Pokemon_52,Unbekannt,,1,52
53,Pokemon_53,Unbekannt,,1,53
54,Pokemon_54,Unbekannt,,1,54
55,Pokemon_55,Unbekannt,,1,55
56,Pokemon_56,Unbekannt,,1,56
57,Pokemon_57,Unbekannt,,1,57
58,Pokemon_58,Unbekannt,,1,58
59,Pokemon_59,Unbekannt,,1,59
60,Pokemon_60,Unbekannt,,1,60
61,Pokemon_61,Unbekannt,,1,61
62,Pokemon_62,Unbekannt,,1,62
63,Pokemon_63,Unbekannt,,1,63
64,Pokemon_64,Unbekannt,,1,64
65,Pokemon_65,Unbekannt,,1,65
66,Pokemon_66,Unbekannt,,1,66
67,Pokemon_67,Unbekannt,,1,67
68,Pokemon_68,Unbekannt,,1,68
69,Pokemon_69,Unbekannt,,1,69
70,Pokemon_70,Unbekannt,,1,70
71,Pokemon_71,Unbekannt,,1,71
72,Pokemon_72,Unbekannt,,1,72
73,Pokemon_73,Unbekannt,,1,73
74,Pokemon_74,Unbekannt,,1,74
75,Pokemon_75,Unbekannt,,1,75
76,Pokemon_76,Unbekannt,,1,76
77,Pokemon_77,Unbekannt,,1,77
78,Pokemon_78,Unbekannt,,1,78
79,Pokemon_79,Unbekannt,,1,79
80,Pokemon_80,Unbekannt,,1,80
81,Pokemon_81,Unbekannt,,1,81
82,Pokemon_82,Unbekannt,,1,82
83,Pokemon_83,Unbekannt,,1,83
84,Pokemon_84,Unbekannt,,1,84
85,Pokemon_85,Unbekannt,,1,85
86,Pokemon_86,Unbekannt,,1,86
87,Pokemon_87,Unbekannt,,1,87
88,Pokemon_88,Unbekannt,,1,88
89,Pokemon_89,Unbekannt,,1,89
90,Pokemon_90,Unbekannt,,1,90
91,Pokemon_91,Unbekannt,,1,91
92,Pokemon_92,Unbekannt,,1,92
93,Pokemon_93,Unbekannt,,1,93
94,Pokemon_94,Unbekannt,,1,94
95,Pokemon_95,Unbekannt,,1,95
96,Pokemon_96,Unbekannt,,1,96
97,Pokemon_97,Unbekannt,,1,97
98,Pokemon_98,Unbekannt,,1,98
99,Pokemon_99,Unbekannt,,1,99
100,Pokemon_100,Unbekannt,,1,100
101,Pokemon_101,Unbekannt,,1,101
102,Pokemon_102,Unbekannt,,1,102
103,Pokemon_103,Unbekannt,,1,103
104,Pokemon_104,Unbekannt,,1,104
105,Pokemon_105,Unbekannt,,1,105
106,Pokemon_106,Unbekannt,,1,106
107,Pokemon_107,Unbekannt,,1,107
108,Pokemon_108,Unbekannt,,1,108
109,Pokemon_109,Unbekannt,,1,109
110,Pokemon_110,Unbekannt,,1,110
111,Pokemon_111,Unbekannt,,1,111
112,Pokemon_112,Unbekannt,,1,112
113,Pokemon_113,Unbekannt,,1,113
114,Pokemon_114,Unbekannt,,1,114
115,Pokemon_115,Unbekannt,,1,115
116,Pokemon_116,Unbekannt,,1,116
117,Pokemon_117,Unbekannt,,1,117
118,Pokemon_118,Unbekannt,,1,118
119,Pokemon_119,Unbekannt,,1,119
120,Pokemon_120,Unbekannt,,1,120
121,Pokemon_121,Unbekannt,,1,121
122,Pokemon_122,Unbekannt,,1,122
123,Pokemon_123,Unbekannt,,1,123
124,Pokemon_124,Unbekannt,,1,124
125,Pokemon_125,Unbekannt,,1,125
126,Pokemon_126,Unbekannt,,1,126
127,Pokemon_127,Unbekannt,,1,127
128,Pokemon_128,Unbekannt,,1,128
129,Pokemon_129,Unbekannt,,1,129
130,Pokemon_130,Unbekannt,,1,130
131,Pokemon_131,Unbekannt,,1,131
132,Pokemon_132,Unbekannt,,1,132
133,Pokemon_133,Unbekannt,,1,133
134,Pokemon_134,Unbekannt,,1,134
135,Pokemon_135,Unbekannt,,1,135
136,Pokemon_136,Unbekannt,,1,136
137,Pokemon_137,Unbekannt,,1,137
138,Pokemon_138,Unbekannt,,1,138
139,Pokemon_139,Unbekannt,,1,139
140,Pokemon_140,Unbekannt,,1,140
141,Pokemon_141,Unbekannt,,1,141
142,Pokemon_142,Unbekannt,,1,142
143,Pokemon_143,Unbekannt,,1,143
144,Pokemon_144,Unbekannt,,1,144
145,Pokemon_145,Unbekannt,,1,145
146,Pokemon_146,Unbekannt,,1,146
147,Pokemon_147,Unbekannt,,1,147
148,Pokemon_148,Unbekannt,,1,148
149,Pokemon_149,Unbekannt,,1,149
150,Pokemon_150,Unbekannt,,1,150
151,Pokemon_151,Unbekannt,,2,151
152,Pokemon_152,Unbekannt,,2,152
153,Pokemon_153,Unbekannt,,2,153
154,Pokemon_154,Unbekannt,,2,154
155,Pokemon_155,Unbekannt,,2,155
156,Pokemon_156,Unbekannt,,2,156
157,Pokemon_157,Unbekannt,,2,157
158,Pokemon_158,Unbekannt,,2,158
159,Pokemon_159,Unbekannt,,2,159
160,Pokemon_160,Unbekannt,,2,160
161,Pokemon_161,Unbekannt,,2,161
162,Pokemon_162,Unbekannt,,2,162
163,Pokemon_163,Unbekannt,,2,163
164,Pokemon_164,Unbekannt,,2,164
165,Pokemon_165,Unbekannt,,2,165
166,Pokemon_166,Unbekannt,,2,166
167,Pokemon_167,Unbekannt,,2,167
168,Pokemon_168,Unbekannt,,2,168
169,Pokemon_169,Unbekannt,,2,169
170,Pokemon_170,Unbekannt,,2,170
171,Pokemon_171,Unbekannt,,2,171
172,Pokemon_172,Unbekannt,,2,172
173,Pokemon_173,Unbekannt,,2,173
174,Pokemon_174,Unbekannt,,2,174
175,Pokemon_175,Unbekannt,,2,175
176,Pokemon_176,Unbekannt,,2,176
177,Pokemon_177,Unbekannt,,2,177
178,Pokemon_178,Unbekannt,,2,178
179,Pokemon_179,Unbekannt,,2,179
180,Pokemon_180,Unbekannt,,2,180
181,Pokemon_181,Unbekannt,,2,181
182,Pokemon_182,Unbekannt,,2,182
183,Pokemon_183,Unbekannt,,2,183
184,Pokemon_184,Unbekannt,,2,184
185,Pokemon_185,Unbekannt,,2,185
186,Pokemon_186,Unbekannt,,2,186
187,Pokemon_187,Unbekannt,,2,187
188,Pokemon_188,Unbekannt,,2,188
189,Pokemon_189,Unbekannt,,2,189
190,Pokemon_190,Unbekannt,,2,190
191,Pokemon_191,Unbekannt,,2,191
192,Pokemon_192,Unbekannt,,2,192
193,Pokemon_193,Unbekannt,,2,193
194,Pokemon_194,Unbekannt,,2,194
195,Pokemon_195,Unbekannt,,2,195
196,Pokemon_196,Unbekannt,,2,196
197,Pokemon_197,Unbekannt,,2,197
198,Pokemon_198,Unbekannt,,2,198
199,Pokemon_199,Unbekannt,,2,199
200,Pokemon_200,Unbekannt,,2,200
201,Pokemon_201,Unbekannt,,2,201
202,Pokemon_202,Unbekannt,,2,202
203,Pokemon_203,Unbekannt,,2,203
204,Pokemon_204,Unbekannt,,2,204
205,Pokemon_205,Unbekannt,,2,205
206,Pokemon_206,Unbekannt,,2,206
207,Pokemon_207,Unbekannt,,2,207
208,Pokemon_208,Unbekannt,,2,208
209,Pokemon_209,Unbekannt,,2,209
210,Pokemon_210,Unbekannt,,2,210
211,Pokemon_211,Unbekannt,,2,211
212,Pokemon_212,Unbekannt,,2,212
213,Pokemon_213,Unbekannt,,2,213
214,Pokemon_214,Unbekannt,,2,214
215,Pokemon_215,Unbekannt,,2,215
216,Pokemon_216,Unbekannt,,2,216
217,Pokemon_217,Unbekannt,,2,217
218,Pokemon_218,Unbekannt,,2,218
219,Pokemon_219,Unbekannt,,2,219
220,Pokemon_220,Unbekannt,,2,220
221,Pokemon_221,Unbekannt,,2,221
222,Pokemon_222,Unbekannt,,2,222
223,Pokemon_223,Unbekannt,,2,223
224,Pokemon_224,Unbekannt,,2,224
225,Pokemon_225,Unbekannt,,2,225
226,Pokemon_226,Unbekannt,,2,226
227,Pokemon_227,Unbekannt,,2,227
228,Pokemon_228,Unbekannt,,2,228
229,Pokemon_229,Unbekannt,,2,229
230,Pokemon_230,Unbekannt,,2,230
231,Pokemon_231,Unbekannt,,2,231
232,Pokemon_232,Unbekannt,,2,232
233,Pokemon_233,Unbekannt,,2,233
234,Pokemon_234,Unbekannt,,2,234
235,Pokemon_235,Unbekannt,,2,235
236,Pokemon_236,Unbekannt,,2,236
237,Pokemon_237,Unbekannt,,2,237
238,Pokemon_238,Unbekannt,,2,238
239,Pokemon_239,Unbekannt,,2,239
240,Pokemon_240,Unbekannt,,2,240
241,Pokemon_241,Unbekannt,,2,241
242,Pokemon_242,Unbekannt,,2,242
243,Pokemon_243,Unbekannt,,2,243
244,Pokemon_244,Unbekannt,,2,244
245,Pokemon_245,Unbekannt,,2,245
246,Pokemon_246,Unbekannt,,2,246
247,Pokemon_247,Unbekannt,,2,247
248,Pokemon_248,Unbekannt,,2,248
249,Pokemon_249,Unbekannt,,2,249
250,Pokemon_250,Unbekannt,,2,250
251,Pokemon_251,Unbekannt,,2,251
252,Pokemon_252,Unbekannt,,2,252
253,Pokemon_253,Unbekannt,,2,253
254,Pokemon_254,Unbekannt,,2,254
255,Pokemon_255,Unbekannt,,2,255
256,Pokemon_256,Unbekannt,,2,256
257,Pokemon_257,Unbekannt,,2,257
258,Pokemon_258,Unbekannt,,2,258
259,Pokemon_259,Unbekannt,,2,259
260,Pokemon_260,Unbekannt,,2,260
261,Pokemon_261,Unbekannt,,2,261
262,Pokemon_262,Unbekannt,,2,262
263,Pokemon_263,Unbekannt,,2,263
264,Pokemon_264,Unbekannt,,2,264
265,Pokemon_265,Unbekannt,,2,265
266,Pokemon_266,Unbekannt,,2,266
267,Pokemon_267,Unbekannt,,2,267
268,Pokemon_268,Unbekannt,,2,268
269,Pokemon_269,Unbekannt,,2,269
270,Pokemon_270,Unbekannt,,2,270
271,Pokemon_271,Unbekannt,,2,271
272,Pokemon_272,Unbekannt,,2,272
273,Pokemon_273,Unbekannt,,2,273
274,Pokemon_274,Unbekannt,,2,274
275,Pokemon_275,Unbekannt,,2,275
276,Pokemon_276,Unbekannt,,2,276
277,Pokemon_277,Unbekannt,,2,277
278,Pokemon_278,Unbekannt,,2,278
279,Pokemon_279,Unbekannt,,2,279
280,Pokemon_280,Unbekannt,,2,280
281,Pokemon_281,Unbekannt,,2,281
282,Pokemon_282,Unbekannt,,2,282
283,Pokemon_283,Unbekannt,,2,283
284,Pokemon_284,Unbekannt,,2,284
285,Pokemon_285,Unbekannt,,2,285
286,Pokemon_286,Unbekannt,,2,286
287,Pokemon_287,Unbekannt,,2,287
288,Pokemon_288,Unbekannt,,2,288
289,Pokemon_289,Unbekannt,,2,289
290,Pokemon_290,Unbekannt,,2,290
291,Pokemon_291,Unbekannt,,2,291
292,Pokemon_292,Unbekannt,,2,292
293,Pokemon_293,Unbekannt,,2,293
294,Pokemon_294,Unbekannt,,2,294
295,Pokemon_295,Unbekannt,,2,295
296,Pokemon_296,Unbekannt,,2,296
297,Pokemon_297,Unbekannt,,2,297
298,Pokemon_298,Unbekannt,,2,298
299,Pokemon_299,Unbekannt,,2,299
300,Pokemon_300,Unbekannt,,2,300
301,Pokemon_301,Unbekannt,,2,301
302,Pokemon_302,Unbekannt,,3,302
303,Pokemon_303,Unbekannt,,3,303
304,Pokemon_304,Unbekannt,,3,304
305,Pokemon_305,Unbekannt,,3,305
306,Pokemon_306,Unbekannt,,3,306
307,Pokemon_307,Unbekannt,,3,307
308,Pokemon_308,Unbekannt,,3,308
309,Pokemon_309,Unbekannt,,3,309
310,Pokemon_310,Unbekannt,,3,310
311,Pokemon_311,Unbekannt,,3,311
312,Pokemon_312,Unbekannt,,3,312
313,Pokemon_313,Unbekannt,,3,313
314,Pokemon_314,Unbekannt,,3,314
315,Pokemon_315,Unbekannt,,3,315
316,Pokemon_316,Unbekannt,,3,316
317,Pokemon_317,Unbekannt,,3,317
318,Pokemon_318,Unbekannt,,3,318
319,Pokemon_319,Unbekannt,,3,319
320,Pokemon_320,Unbekannt,,3,320
321,Pokemon_321,Unbekannt,,3,321
322,Pokemon_322,Unbekannt,,3,322
323,Pokemon_323,Unbekannt,,3,323
324,Pokemon_324,Unbekannt,,3,324
325,Pokemon_325,Unbekannt,,3,325
326,Pokemon_326,Unbekannt,,3,326
327,Pokemon_327,Unbekannt,,3,327
328,Pokemon_328,Unbekannt,,3,328
329,Pokemon_329,Unbekannt,,3,329
330,Pokemon_330,Unbekannt,,3,330
331,Pokemon_331,Unbekannt,,3,331
332,Pokemon_332,Unbekannt,,3,332
333,Pokemon_333,Unbekannt,,3,333
334,Pokemon_334,Unbekannt,,3,334
335,Pokemon_335,Unbekannt,,3,335
336,Pokemon_336,Unbekannt,,3,336
337,Pokemon_337,Unbekannt,,3,337
338,Pokemon_338,Unbekannt,,3,338
339,Pokemon_339,Unbekannt,,3,339
340,Pokemon_340,Unbekannt,,3,340
341,Pokemon_341,Unbekannt,,3,341
342,Pokemon_342,Unbekannt,,3,342
343,Pokemon_343,Unbekannt,,3,343
344,Pokemon_344,Unbekannt,,3,344
345,Pokemon_345,Unbekannt,,3,345
346,Pokemon_346,Unbekannt,,3,346
347,Pokemon_347,Unbekannt,,3,347
348,Pokemon_348,Unbekannt,,3,348
349,Pokemon_349,Unbekannt,,3,349
350,Pokemon_350,Unbekannt,,3,350
351,Pokemon_351,Unbekannt,,3,351
352,Pokemon_352,Unbekannt,,3,352
353,Pokemon_353,Unbekannt,,3,353
354,Pokemon_354,Unbekannt,,3,354
355,Pokemon_355,Unbekannt,,3,355
356,Pokemon_356,Unbekannt,,3,356
357,Pokemon_357,Unbekannt,,3,357
358,Pokemon_358,Unbekannt,,3,358
359,Pokemon_359,Unbekannt,,3,359
360,Pokemon_360,Unbekannt,,3,360
361,Pokemon_361,Unbekannt,,3,361
362,Pokemon_362,Unbekannt,,3,362
363,Pokemon_363,Unbekannt,,3,363
364,Pokemon_364,Unbekannt,,3,364
365,Pokemon_365,Unbekannt,,3,365
366,Pokemon_366,Unbekannt,,3,366
367,Pokemon_367,Unbekannt,,3,367
368,Pokemon_368,Unbekannt,,3,368
369,Pokemon_369,Unbekannt,,3,369
370,Pokemon_370,Unbekannt,,3,370
371,Pokemon_371,Unbekannt,,3,371
372,Pokemon_372,Unbekannt,,3,372
373,Pokemon_373,Unbekannt,,3,373
374,Pokemon_374,Unbekannt,,3,374
375,Pokemon_375,Unbekannt,,3,375
376,Pokemon_376,Unbekannt,,3,376
377,Pokemon_377,Unbekannt,,3,377
378,Pokemon_378,Unbekannt,,3,378
379,Pokemon_379,Unbekannt,,3,379
380,Pokemon_380,Unbekannt,,3,380
381,Pokemon_381,Unbekannt,,3,381
382,Pokemon_382,Unbekannt,,3,382
383,Pokemon_383,Unbekannt,,3,383
384,Pokemon_384,Unbekannt,,3,384
385,Pokemon_385,Unbekannt,,3,385
386,Pokemon_386,Unbekannt,,3,386
387,Pokemon_387,Unbekannt,,3,387
388,Pokemon_388,Unbekannt,,3,388
389,Pokemon_389,Unbekannt,,3,389
390,Pokemon_390,Unbekannt,,3,390
391,Pokemon_391,Unbekannt,,3,391
392,Pokemon_392,Unbekannt,,3,392
393,Pokemon_393,Unbekannt,,3,393
394,Pokemon_394,Unbekannt,,3,394
395,Pokemon_395,Unbekannt,,3,395
396,Pokemon_396,Unbekannt,,3,396
397,Pokemon_397,Unbekannt,,3,397
398,Pokemon_398,Unbekannt,,3,398
399,Pokemon_399,Unbekannt,,3,399
400,Pokemon_400,Unbekannt,,3,400
401,Pokemon_401,Unbekannt,,3,401
402,Pokemon_402,Unbekannt,,3,402
403,Pokemon_403,Unbekannt,,3,403
404,Pokemon_404,Unbekannt,,3,404
405,Pokemon_405,Unbekannt,,3,405
406,Pokemon_406,Unbekannt,,3,406
407,Pokemon_407,Unbekannt,,3,407
408,Pokemon_408,Unbekannt,,3,408
409,Pokemon_409,Unbekannt,,3,409
410,Pokemon_410,Unbekannt,,3,410
411,Pokemon_411,Unbekannt,,3,411
412,Pokemon_412,Unbekannt,,3,412
413,Pokemon_413,Unbekannt,,3,413
414,Pokemon_414,Unbekannt,,3,414
415,Pokemon_415,Unbekannt,,3,415
416,Pokemon_416,Unbekannt,,3,416
417,Pokemon_417,Unbekannt,,3,417
418,Pokemon_418,Unbekannt,,3,418
419,Pokemon_419,Unbekannt,,3,419
420,Pokemon_420,Unbekannt,,3,420
421,Pokemon_421,Unbekannt,,3,421
422,Pokemon_422,Unbekannt,,3,422
423,Pokemon_423,Unbekannt,,3,423
424,Pokemon_424,Unbekannt,,3,424
425,Pokemon_425,Unbekannt,,3,425
426,Pokemon_426,Unbekannt,,3,426
427,Pokemon_427,Unbekannt,,3,427
428,Pokemon_428,Unbekannt,,3,428
429,Pokemon_429,Unbekannt,,3,429
430,Pokemon_430,Unbekannt,,3,430
431,Pokemon_431,Unbekannt,,3,431
432,Pokemon_432,Unbekannt,,3,432
433,Pokemon_433,Unbekannt,,3,433
434,Pokemon_434,Unbekannt,,3,434
435,Pokemon_435,Unbekannt,,3,435
436,Pokemon_436,Unbekannt,,3,436
437,Pokemon_437,Unbekannt,,3,437
438,Pokemon_438,Unbekannt,,3,438
439,Pokemon_439,Unbekannt,,3,439
440,Pokemon_440,Unbekannt,,3,440
441,Pokemon_441,Unbekannt,,3,441
442,Pokemon_442,Unbekannt,,3,442
443,Pokemon_443,Unbekannt,,3,443
444,Pokemon_444,Unbekannt,,3,444
445,Pokemon_445,Unbekannt,,3,445
446,Pokemon_446,Unbekannt,,3,446
447,Pokemon_447,Unbekannt,,3,447
448,Pokemon_448,Unbekannt,,3,448
449,Pokemon_449,Unbekannt,,3,449
450,Pokemon_450,Unbekannt,,3,450
451,Pokemon_451,Unbekannt,,3,451
452,Pokemon_452,Unbekannt,,3,452
453,Pokemon_453,Unbekannt,,4,453
454,Pokemon_454,Unbekannt,,4,454
455,Pokemon_455,Unbekannt,,4,455
456,Pokemon_456,Unbekannt,,4,456
457,Pokemon_457,Unbekannt,,4,457
458,Pokemon_458,Unbekannt,,4,458
459,Pokemon_459,Unbekannt,,4,459
460,Pokemon_460,Unbekannt,,4,460
461,Pokemon_461,Unbekannt,,4,461
462,Pokemon_462,Unbekannt,,4,462
463,Pokemon_463,Unbekannt,,4,463
464,Pokemon_464,Unbekannt,,4,464
465,Pokemon_465,Unbekannt,,4,465
466,Pokemon_466,Unbekannt,,4,466
467,Pokemon_467,Unbekannt,,4,467
468,Pokemon_468,Unbekannt,,4,468
469,Pokemon_469,Unbekannt,,4,469
470,Pokemon_470,Unbekannt,,4,470
471,Pokemon_471,Unbekannt,,4,471
472,Pokemon_472,Unbekannt,,4,472
473,Pokemon_473,Unbekannt,,4,473
474,Pokemon_474,Unbekannt,,4,474
475,Pokemon_475,Unbekannt,,4,475
476,Pokemon_476,Unbekannt,,4,476
477,Pokemon_477,Unbekannt,,4,477
478,Pokemon_478,Unbekannt,,4,478
479,Pokemon_479,Unbekannt,,4,479
480,Pokemon_480,Unbekannt,,4,480
481,Pokemon_481,Unbekannt,,4,481
482,Pokemon_482,Unbekannt,,4,482
483,Pokemon_483,Unbekannt,,4,483
484,Pokemon_484,Unbekannt,,4,484
485,Pokemon_485,Unbekannt,,4,485
486,Pokemon_486,Unbekannt,,4,486
487,Pokemon_487,Unbekannt,,4,487
488,Pokemon_488,Unbekannt,,4,488
489,Pokemon_489,Unbekannt,,4,489
490,Pokemon_490,Unbekannt,,4,490
491,Pokemon_491,Unbekannt,,4,491
492,Pokemon_492,Unbekannt,,4,492
493,Pokemon_493,Unbekannt,,4,493
494,Pokemon_494,Unbekannt,,4,494
495,Pokemon_495,Unbekannt,,4,495
496,Pokemon_496,Unbekannt,,4,496
497,Pokemon_497,Unbekannt,,4,497
498,Pokemon_498,Unbekannt,,4,498
499,Pokemon_499,Unbekannt,,4,499
500,Pokemon_500,Unbekannt,,4,500
501,Pokemon_501,Unbekannt,,4,501
502,Pokemon_502,Unbekannt,,4,502
503,Pokemon_503,Unbekannt,,4,503
504,Pokemon_504,Unbekannt,,4,504
505,Pokemon_505,Unbekannt,,4,505
506,Pokemon_506,Unbekannt,,4,506
507,Pokemon_507,Unbekannt,,4,507
508,Pokemon_508,Unbekannt,,4,508
509,Pokemon_509,Unbekannt,,4,509
510,Pokemon_510,Unbekannt,,4,510
511,Pokemon_511,Unbekannt,,4,511
512,Pokemon_512,Unbekannt,,4,512
513,Pokemon_513,Unbekannt,,4,513
514,Pokemon_514,Unbekannt,,4,514
515,Pokemon_515,Unbekannt,,4,515
516,Pokemon_516,Unbekannt,,4,516
517,Pokemon_517,Unbekannt,,4,517
518,Pokemon_518,Unbekannt,,4,518
519,Pokemon_519,Unbekannt,,4,519
520,Pokemon_520,Unbekannt,,4,520
521,Pokemon_521,Unbekannt,,4,521
522,Pokemon_522,Unbekannt,,4,522
523,Pokemon_523,Unbekannt,,4,523
524,Pokemon_524,Unbekannt,,4,524
525,Pokemon_525,Unbekannt,,4,525
526,Pokemon_526,Unbekannt,,4,526
527,Pokemon_527,Unbekannt,,4,527
528,Pokemon_528,Unbekannt,,4,528
529,Pokemon_529,Unbekannt,,4,529
530,Pokemon_530,Unbekannt,,4,530
531,Pokemon_531,Unbekannt,,4,531
532,Pokemon_532,Unbekannt,,4,532
533,Pokemon_533,Unbekannt,,4,533
534,Pokemon_534,Unbekannt,,4,534
535,Pokemon_535,Unbekannt,,4,535
536,Pokemon_536,Unbekannt,,4,536
537,Pokemon_537,Unbekannt,,4,537
538,Pokemon_538,Unbekannt,,4,538
539,Pokemon_539,Unbekannt,,4,539
540,Pokemon_540,Unbekannt,,4,540
541,Pokemon_541,Unbekannt,,4,541
542,Pokemon_542,Unbekannt,,4,542
543,Pokemon_543,Unbekannt,,4,543
544,Pokemon_544,Unbekannt,,4,544
545,Pokemon_545,Unbekannt,,4,545
546,Pokemon_546,Unbekannt,,4,546
547,Pokemon_547,Unbekannt,,4,547
548,Pokemon_548,Unbekannt,,4,548
549,Pokemon_549,Unbekannt,,4,549
550,Pokemon_550,Unbekannt,,4,550
551,Pokemon_551,Unbekannt,,4,551
552,Pokemon_552,Unbekannt,,4,552
553,Pokemon_553,Unbekannt,,4,553
554,Pokemon_554,Unbekannt,,4,554
555,Pokemon_555,Unbekannt,,4,555
556,Pokemon_556,Unbekannt,,4,556
557,Pokemon_557,Unbekannt,,4,557
558,Pokemon_558,Unbekannt,,4,558
559,Pokemon_559,Unbekannt,,4,559
560,Pokemon_560,Unbekannt,,4,560
561,Pokemon_561,Unbekannt,,4,561
562,Pokemon_562,Unbekannt,,4,562
563,Pokemon_563,Unbekannt,,4,563
564,Pokemon_564,Unbekannt,,4,564
565,Pokemon_565,Unbekannt,,4,565
566,Pokemon_566,Unbekannt,,4,566
567,Pokemon_567,Unbekannt,,4,567
568,Pokemon_568,Unbekannt,,4,568
569,Pokemon_569,Unbekannt,,4,569
570,Pokemon_570,Unbekannt,,4,570
571,Pokemon_571,Unbekannt,,4,571
572,Pokemon_572,Unbekannt,,4,572
573,Pokemon_573,Unbekannt,,4,573
574,Pokemon_574,Unbekannt,,4,574
575,Pokemon_575,Unbekannt,,4,575
576,Pokemon_576,Unbekannt,,4,576
577,Pokemon_577,Unbekannt,,4,577
578,Pokemon_578,Unbekannt,,4,578
579,Pokemon_579,Unbekannt,,4,579
580,Pokemon_580,Unbekannt,,4,580
581,Pokemon_581,Unbekannt,,4,581
582,Pokemon_582,Unbekannt,,4,582
583,Pokemon_583,Unbekannt,,4,583
584,Pokemon_584,Unbekannt,,4,584
585,Pokemon_585,Unbekannt,,4,585
586,Pokemon_586,Unbekannt,,4,586
587,Pokemon_587,Unbekannt,,4,587
588,Pokemon_588,Unbekannt,,4,588
589,Pokemon_589,Unbekannt,,4,589
590,Pokemon_590,Unbekannt,,4,590
591,Pokemon_591,Unbekannt,,4,591
592,Pokemon_592,Unbekannt,,4,592
593,Pokemon_593,Unbekannt,,4,593
594,Pokemon_594,Unbekannt,,4,594
595,Pokemon_595,Unbekannt,,4,595
596,Pokemon_596,Unbekannt,,4,596
597,Pokemon_597,Unbekannt,,4,597
598,Pokemon_598,Unbekannt,,4,598
599,Pokemon_599,Unbekannt,,4,599
600,Pokemon_600,Unbekannt,,4,600
601,Pokemon_601,Unbekannt,,4,601
602,Pokemon_602,Unbekannt,,4,602
603,Pokemon_603,Unbekannt,,4,603
604,Pokemon_604,Unbekannt,,5,604
605,Pokemon_605,Unbekannt,,5,605
606,Pokemon_606,Unbekannt,,5,606
607,Pokemon_607,Unbekannt,,5,607
608,Pokemon_608,Unbekannt,,5,608
609,Pokemon_609,Unbekannt,,5,609
610,Pokemon_610,Unbekannt,,5,610
611,Pokemon_611,Unbekannt,,5,611
612,Pokemon_612,Unbekannt,,5,612
613,Pokemon_613,Unbekannt,,5,613
614,Pokemon_614,Unbekannt,,5,614
615,Pokemon_615,Unbekannt,,5,615
616,Pokemon_616,Unbekannt,,5,616
617,Pokemon_617,Unbekannt,,5,617
618,Pokemon_618,Unbekannt,,5,618
619,Pokemon_619,Unbekannt,,5,619
620,Pokemon_620,Unbekannt,,5,620
621,Pokemon_621,Unbekannt,,5,621
622,Pokemon_622,Unbekannt,,5,622
623,Pokemon_623,Unbekannt,,5,623
624,Pokemon_624,Unbekannt,,5,624
625,Pokemon_625,Unbekannt,,5,625
626,Pokemon_626,Unbekannt,,5,626
627,Pokemon_627,Unbekannt,,5,627
628,Pokemon_628,Unbekannt,,5,628
629,Pokemon_629,Unbekannt,,5,629
630,Pokemon_630,Unbekannt,,5,630
631,Pokemon_631,Unbekannt,,5,631
632,Pokemon_632,Unbekannt,,5,632
633,Pokemon_633,Unbekannt,,5,633
634,Pokemon_634,Unbekannt,,5,634
635,Pokemon_635,Unbekannt,,5,635
636,Pokemon_636,Unbekannt,,5,636
637,Pokemon_637,Unbekannt,,5,637
638,Pokemon_638,Unbekannt,,5,638
639,Pokemon_639,Unbekannt,,5,639
640,Pokemon_640,Unbekannt,,5,640
641,Pokemon_641,Unbekannt,,5,641
642,Pokemon_642,Unbekannt,,5,642
643,Pokemon_643,Unbekannt,,5,643
644,Pokemon_644,Unbekannt,,5,644
645,Pokemon_645,Unbekannt,,5,645
646,Pokemon_646,Unbekannt,,5,646
647,Pokemon_647,Unbekannt,,5,647
648,Pokemon_648,Unbekannt,,5,648
649,Pokemon_649,Unbekannt,,5,649
650,Pokemon_650,Unbekannt,,5,650
651,Pokemon_651,Unbekannt,,5,651
652,Pokemon_652,Unbekannt,,5,652
653,Pokemon_653,Unbekannt,,5,653
654,Pokemon_654,Unbekannt,,5,654
655,Pokemon_655,Unbekannt,,5,655
656,Pokemon_656,Unbekannt,,5,656
657,Pokemon_657,Unbekannt,,5,657
658,Pokemon_658,Unbekannt,,5,658
659,Pokemon_659,Unbekannt,,5,659
660,Pokemon_660,Unbekannt,,5,660
661,Pokemon_661,Unbekannt,,5,661
662,Pokemon_662,Unbekannt,,5,662
663,Pokemon_663,Unbekannt,,5,663
664,Pokemon_664,Unbekannt,,5,664
665,Pokemon_665,Unbekannt,,5,665
666,Pokemon_666,Unbekannt,,5,666
667,Pokemon_667,Unbekannt,,5,667
668,Pokemon_668,Unbekannt,,5,668
669,Pokemon_669,Unbekannt,,5,669
670,Pokemon_670,Unbekannt,,5,670
671,Pokemon_671,Unbekannt,,5,671
672,Pokemon_672,Unbekannt,,5,672
673,Pokemon_673,Unbekannt,,5,673
674,Pokemon_674,Unbekannt,,5,674
675,Pokemon_675,Unbekannt,,5,675
676,Pokemon_676,Unbekannt,,5,676
677,Pokemon_677,Unbekannt,,5,677
678,Pokemon_678,Unbekannt,,5,678
679,Pokemon_679,Unbekannt,,5,679
680,Pokemon_680,Unbekannt,,5,680
681,Pokemon_681,Unbekannt,,5,681
682,Pokemon_682,Unbekannt,,5,682
683,Pokemon_683,Unbekannt,,5,683
684,Pokemon_684,Unbekannt,,5,684
685,Pokemon_685,Unbekannt,,5,685
686,Pokemon_686,Unbekannt,,5,686
687,Pokemon_687,Unbekannt,,5,687
688,Pokemon_688,Unbekannt,,5,688
689,Pokemon_689,Unbekannt,,5,689
690,Pokemon_690,Unbekannt,,5,690
691,Pokemon_691,Unbekannt,,5,691
692,Pokemon_692,Unbekannt,,5,692
693,Pokemon_693,Unbekannt,,5,693
694,Pokemon_694,Unbekannt,,5,694
695,Pokemon_695,Unbekannt,,5,695
696,Pokemon_696,Unbekannt,,5,696
697,Pokemon_697,Unbekannt,,5,697
698,Pokemon_698,Unbekannt,,5,698
699,Pokemon_699,Unbekannt,,5,699
700,Pokemon_700,Unbekannt,,5,700
701,Pokemon_701,Unbekannt,,5,701
702,Pokemon_702,Unbekannt,,5,702
703,Pokemon_703,Unbekannt,,5,703
704,Pokemon_704,Unbekannt,,5,704
705,Pokemon_705,Unbekannt,,5,705
706,Pokemon_706,Unbekannt,,5,706
707,Pokemon_707,Unbekannt,,5,707
708,Pokemon_708,Unbekannt,,5,708
709,Pokemon_709,Unbekannt,,5,709
710,Pokemon_710,Unbekannt,,5,710
711,Pokemon_711,Unbekannt,,5,711
712,Pokemon_712,Unbekannt,,5,712
713,Pokemon_713,Unbekannt,,5,713
714,Pokemon_714,Unbekannt,,5,714
715,Pokemon_715,Unbekannt,,5,715
716,Pokemon_716,Unbekannt,,5,716
717,Pokemon_717,Unbekannt,,5,717
718,Pokemon_718,Unbekannt,,5,718
719,Pokemon_719,Unbekannt,,5,719
720,Pokemon_720,Unbekannt,,5,720
721,Pokemon_721,Unbekannt,,5,721
722,Pokemon_722,Unbekannt,,5,722
723,Pokemon_723,Unbekannt,,5,723
724,Pokemon_724,Unbekannt,,5,724
725,Pokemon_725,Unbekannt,,5,725
726,Pokemon_726,Unbekannt,,5,726
727,Pokemon_727,Unbekannt,,5,727
728,Pokemon_728,Unbekannt,,5,728
729,Pokemon_729,Unbekannt,,5,729
730,Pokemon_730,Unbekannt,,5,730
731,Pokemon_731,Unbekannt,,5,731
732,Pokemon_732,Unbekannt,,5,732
733,Pokemon_733,Unbekannt,,5,733
734,Pokemon_734,Unbekannt,,5,734
735,Pokemon_735,Unbekannt,,5,735
736,Pokemon_736,Unbekannt,,5,736
737,Pokemon_737,Unbekannt,,5,737
738,Pokemon_738,Unbekannt,,5,738
739,Pokemon_739,Unbekannt,,5,739
740,Pokemon_740,Unbekannt,,5,740
741,Pokemon_741,Unbekannt,,5,741
742,Pokemon_742,Unbekannt,,5,742
743,Pokemon_743,Unbekannt,,5,743
744,Pokemon_744,Unbekannt,,5,744
745,Pokemon_745,Unbekannt,,5,745
746,Pokemon_746,Unbekannt,,5,746
747,Pokemon_747,Unbekannt,,5,747
748,Pokemon_748,Unbekannt,,5,748
749,Pokemon_749,Unbekannt,,5,749
750,Pokemon_750,Unbekannt,,5,750
751,Pokemon_751,Unbekannt,,5,751
752,Pokemon_752,Unbekannt,,5,752
753,Pokemon_753,Unbekannt,,5,753
754,Pokemon_754,Unbekannt,,5,754
755,Pokemon_755,Unbekannt,,6,755
756,Pokemon_756,Unbekannt,,6,756
757,Pokemon_757,Unbekannt,,6,757
758,Pokemon_758,Unbekannt,,6,758
759,Pokemon_759,Unbekannt,,6,759
760,Pokemon_760,Unbekannt,,6,760
761,Pokemon_761,Unbekannt,,6,761
762,Pokemon_762,Unbekannt,,6,762
763,Pokemon_763,Unbekannt,,6,763
764,Pokemon_764,Unbekannt,,6,764
765,Pokemon_765,Unbekannt,,6,765
766,Pokemon_766,Unbekannt,,6,766
767,Pokemon_767,Unbekannt,,6,767
768,Pokemon_768,Unbekannt,,6,768
769,Pokemon_769,Unbekannt,,6,769
770,Pokemon_770,Unbekannt,,6,770
771,Pokemon_771,Unbekannt,,6,771
772,Pokemon_772,Unbekannt,,6,772
773,Pokemon_773,Unbekannt,,6,773
774,Pokemon_774,Unbekannt,,6,774
775,Pokemon_775,Unbekannt,,6,775
776,Pokemon_776,Unbekannt,,6,776
777,Pokemon_777,Unbekannt,,6,777
778,Pokemon_778,Unbekannt,,6,778
779,Pokemon_779,Unbekannt,,6,779
780,Pokemon_780,Unbekannt,,6,780
781,Pokemon_781,Unbekannt,,6,781
782,Pokemon_782,Unbekannt,,6,782
783,Pokemon_783,Unbekannt,,6,783
784,Pokemon_784,Unbekannt,,6,784
785,Pokemon_785,Unbekannt,,6,785
786,Pokemon_786,Unbekannt,,6,786
787,Pokemon_787,Unbekannt,,6,787
788,Pokemon_788,Unbekannt,,6,788
789,Pokemon_789,Unbekannt,,6,789
790,Pokemon_790,Unbekannt,,6,790
791,Pokemon_791,Unbekannt,,6,791
792,Pokemon_792,Unbekannt,,6,792
793,Pokemon_793,Unbekannt,,6,793
794,Pokemon_794,Unbekannt,,6,794
795,Pokemon_795,Unbekannt,,6,795
796,Pokemon_796,Unbekannt,,6,796
797,Pokemon_797,Unbekannt,,6,797
798,Pokemon_798,Unbekannt,,6,798
799,Pokemon_799,Unbekannt,,6,799
800,Pokemon_800,Unbekannt,,6,800
801,Pokemon_801,Unbekannt,,6,801
802,Pokemon_802,Unbekannt,,6,802
803,Pokemon_803,Unbekannt,,6,803
804,Pokemon_804,Unbekannt,,6,804
805,Pokemon_805,Unbekannt,,6,805
806,Pokemon_806,Unbekannt,,6,806
807,Pokemon_807,Unbekannt,,6,807
808,Pokemon_808,Unbekannt,,6,808
809,Pokemon_809,Unbekannt,,6,809
810,Pokemon_810,Unbekannt,,6,810
811,Pokemon_811,Unbekannt,,6,811
812,Pokemon_812,Unbekannt,,6,812
813,Pokemon_813,Unbekannt,,6,813
814,Pokemon_814,Unbekannt,,6,814
815,Pokemon_815,Unbekannt,,6,815
816,Pokemon_816,Unbekannt,,6,816
817,Pokemon_817,Unbekannt,,6,817
818,Pokemon_818,Unbekannt,,6,818
819,Pokemon_819,Unbekannt,,6,819
820,Pokemon_820,Unbekannt,,6,820
821,Pokemon_821,Unbekannt,,6,821
822,Pokemon_822,Unbekannt,,6,822
823,Pokemon_823,Unbekannt,,6,823
824,Pokemon_824,Unbekannt,,6,824
825,Pokemon_825,Unbekannt,,6,825
826,Pokemon_826,Unbekannt,,6,826
827,Pokemon_827,Unbekannt,,6,827
828,Pokemon_828,Unbekannt,,6,828
829,Pokemon_829,Unbekannt,,6,829
830,Pokemon_830,Unbekannt,,6,830
831,Pokemon_831,Unbekannt,,6,831
832,Pokemon_832,Unbekannt,,6,832
833,Pokemon_833,Unbekannt,,6,833
834,Pokemon_834,Unbekannt,,6,834
835,Pokemon_835,Unbekannt,,6,835
836,Pokemon_836,Unbekannt,,6,836
837,Pokemon_837,Unbekannt,,6,837
838,Pokemon_838,Unbekannt,,6,838
839,Pokemon_839,Unbekannt,,6,839
840,Pokemon_840,Unbekannt,,6,840
841,Pokemon_841,Unbekannt,,6,841
842,Pokemon_842,Unbekannt,,6,842
843,Pokemon_843,Unbekannt,,6,843
844,Pokemon_844,Unbekannt,,6,844
845,Pokemon_845,Unbekannt,,6,845
846,Pokemon_846,Unbekannt,,6,846
847,Pokemon_847,Unbekannt,,6,847
848,Pokemon_848,Unbekannt,,6,848
849,Pokemon_849,Unbekannt,,6,849
850,Pokemon_850,Unbekannt,,6,850
851,Pokemon_851,Unbekannt,,6,851
852,Pokemon_852,Unbekannt,,6,852
853,Pokemon_853,Unbekannt,,6,853
854,Pokemon_854,Unbekannt,,6,854
855,Pokemon_855,Unbekannt,,6,855
856,Pokemon_856,Unbekannt,,6,856
857,Pokemon_857,Unbekannt,,6,857
858,Pokemon_858,Unbekannt,,6,858
859,Pokemon_859,Unbekannt,,6,859
860,Pokemon_860,Unbekannt,,6,860
861,Pokemon_861,Unbekannt,,6,861
862,Pokemon_862,Unbekannt,,6,862
863,Pokemon_863,Unbekannt,,6,863
864,Pokemon_864,Unbekannt,,6,864
865,Pokemon_865,Unbekannt,,6,865
866,Pokemon_866,Unbekannt,,6,866
867,Pokemon_867,Unbekannt,,6,867
868,Pokemon_868,Unbekannt,,6,868
869,Pokemon_869,Unbekannt,,6,869
870,Pokemon_870,Unbekannt,,6,870
871,Pokemon_871,Unbekannt,,6,871
872,Pokemon_872,Unbekannt,,6,872
873,Pokemon_873,Unbekannt,,6,873
874,Pokemon_874,Unbekannt,,6,874
875,Pokemon_875,Unbekannt,,6,875
876,Pokemon_876,Unbekannt,,6,876
877,Pokemon_877,Unbekannt,,6,877
878,Pokemon_878,Unbekannt,,6,878
879,Pokemon_879,Unbekannt,,6,879
880,Pokemon_880,Unbekannt,,6,880
881,Pokemon_881,Unbekannt,,6,881
882,Pokemon_882,Unbekannt,,6,882
883,Pokemon_883,Unbekannt,,6,883
884,Pokemon_884,Unbekannt,,6,884
885,Pokemon_885,Unbekannt,,6,885
886,Pokemon_886,Unbekannt,,6,886
887,Pokemon_887,Unbekannt,,6,887
888,Pokemon_888,Unbekannt,,6,888
889,Pokemon_889,Unbekannt,,6,889
890,Pokemon_890,Unbekannt,,6,890
891,Pokemon_891,Unbekannt,,6,891
892,Pokemon_892,Unbekannt,,6,892
893,Pokemon_893,Unbekannt,,6,893
894,Pokemon_894,Unbekannt,,6,894
895,Pokemon_895,Unbekannt,,6,895
896,Pokemon_896,Unbekannt,,6,896
897,Pokemon_897,Unbekannt,,6,897
898,Pokemon_898,Unbekannt,,6,898
899,Pokemon_899,Unbekannt,,6,899
900,Pokemon_900,Unbekannt,,6,900
901,Pokemon_901,Unbekannt,,6,901
902,Pokemon_902,Unbekannt,,6,902
903,Pokemon_903,Unbekannt,,6,903
904,Pokemon_904,Unbekannt,,6,904
905,Pokemon_905,Unbekannt,,6,905
906,Pokemon_906,Unbekannt,,7,906
907,Pokemon_907,Unbekannt,,7,907
908,Pokemon_908,Unbekannt,,7,908
909,Pokemon_909,Unbekannt,,7,909
910,Pokemon_910,Unbekannt,,7,910
911,Pokemon_911,Unbekannt,,7,911
912,Pokemon_912,Unbekannt,,7,912
913,Pokemon_913,Unbekannt,,7,913
914,Pokemon_914,Unbekannt,,7,914
915,Pokemon_915,Unbekannt,,7,915
916,Pokemon_916,Unbekannt,,7,916
917,Pokemon_917,Unbekannt,,7,917
918,Pokemon_918,Unbekannt,,7,918
919,Pokemon_919,Unbekannt,,7,919
920,Pokemon_920,Unbekannt,,7,920
921,Pokemon_921,Unbekannt,,7,921
922,Pokemon_922,Unbekannt,,7,922
923,Pokemon_923,Unbekannt,,7,923
924,Pokemon_924,Unbekannt,,7,924
925,Pokemon_925,Unbekannt,,7,925
926,Pokemon_926,Unbekannt,,7,926
927,Pokemon_927,Unbekannt,,7,927
928,Pokemon_928,Unbekannt,,7,928
929,Pokemon_929,Unbekannt,,7,929
930,Pokemon_930,Unbekannt,,7,930
931,Pokemon_931,Unbekannt,,7,931
932,Pokemon_932,Unbekannt,,7,932
933,Pokemon_933,Unbekannt,,7,933
934,Pokemon_934,Unbekannt,,7,934
935,Pokemon_935,Unbekannt,,7,935
936,Pokemon_936,Unbekannt,,7,936
937,Pokemon_937,Unbekannt,,7,937
938,Pokemon_938,Unbekannt,,7,938
939,Pokemon_939,Unbekannt,,7,939
940,Pokemon_940,Unbekannt,,7,940
941,Pokemon_941,Unbekannt,,7,941
942,Pokemon_942,Unbekannt,,7,942
943,Pokemon_943,Unbekannt,,7,943
944,Pokemon_944,Unbekannt,,7,944
945,Pokemon_945,Unbekannt,,7,945
946,Pokemon_946,Unbekannt,,7,946
947,Pokemon_947,Unbekannt,,7,947
948,Pokemon_948,Unbekannt,,7,948
949,Pokemon_949,Unbekannt,,7,949
950,Pokemon_950,Unbekannt,,7,950
951,Pokemon_951,Unbekannt,,7,951
952,Pokemon_952,Unbekannt,,7,952
953,Pokemon_953,Unbekannt,,7,953
954,Pokemon_954,Unbekannt,,7,954
955,Pokemon_955,Unbekannt,,7,955
956,Pokemon_956,Unbekannt,,7,956
957,Pokemon_957,Unbekannt,,7,957
958,Pokemon_958,Unbekannt,,7,958
959,Pokemon_959,Unbekannt,,7,959
960,Pokemon_960,Unbekannt,,7,960
961,Pokemon_961,Unbekannt,,7,961
962,Pokemon_962,Unbekannt,,7,962
963,Pokemon_963,Unbekannt,,7,963
964,Pokemon_964,Unbekannt,,7,964
965,Pokemon_965,Unbekannt,,7,965
966,Pokemon_966,Unbekannt,,7,966
967,Pokemon_967,Unbekannt,,7,967
968,Pokemon_968,Unbekannt,,7,968
969,Pokemon_969,Unbekannt,,7,969
970,Pokemon_970,Unbekannt,,7,970
971,Pokemon_971,Unbekannt,,7,971
972,Pokemon_972,Unbekannt,,7,972
973,Pokemon_973,Unbekannt,,7,973
974,Pokemon_974,Unbekannt,,7,974
975,Pokemon_975,Unbekannt,,7,975
976,Pokemon_976,Unbekannt,,7,976
977,Pokemon_977,Unbekannt,,7,977
978,Pokemon_978,Unbekannt,,7,978
979,Pokemon_979,Unbekannt,,7,979
980,Pokemon_980,Unbekannt,,7,980
981,Pokemon_981,Unbekannt,,7,981
982,Pokemon_982,Unbekannt,,7,982
983,Pokemon_983,Unbekannt,,7,983
984,Pokemon_984,Unbekannt,,7,984
985,Pokemon_985,Unbekannt,,7,985
986,Pokemon_986,Unbekannt,,7,986
987,Pokemon_987,Unbekannt,,7,987
988,Pokemon_988,Unbekannt,,7,988
989,Pokemon_989,Unbekannt,,7,989
990,Pokemon_990,Unbekannt,,7,990
991,Pokemon_991,Unbekannt,,7,991
992,Pokemon_992,Unbekannt,,7,992
993,Pokemon_993,Unbekannt,,7,993
994,Pokemon_994,Unbekannt,,7,994
995,Pokemon_995,Unbekannt,,7,995
996,Pokemon_996,Unbekannt,,7,996
997,Pokemon_997,Unbekannt,,7,997
998,Pokemon_998,Unbekannt,,7,998
999,Pokemon_999,Unbekannt,,7,999
1000,Pokemon_1000,Unbekannt,,7,1000
1001,Pokemon_1001,Unbekannt,,7,1001
1002,Pokemon_1002,Unbekannt,,7,1002
1003,Pokemon_1003,Unbekannt,,7,1003
1004,Pokemon_1004,Unbekannt,,7,1004
1005,Pokemon_1005,Unbekannt,,7,1005
1006,Pokemon_1006,Unbekannt,,7,1006
1007,Pokemon_1007,Unbekannt,,7,1007
1008,Pokemon_1008,Unbekannt,,7,1008
1009,Pokemon_1009,Unbekannt,,7,1009
1010,Pokemon_1010,Unbekannt,,7,1010
1011,Pokemon_1011,Unbekannt,,7,1011
1012,Pokemon_1012,Unbekannt,,7,1012
1013,Pokemon_1013,Unbekannt,,7,1013
1014,Pokemon_1014,Unbekannt,,7,1014
1015,Pokemon_1015,Unbekannt,,7,1015
1016,Pokemon_1016,Unbekannt,,7,1016
1017,Pokemon_1017,Unbekannt,,7,1017
1018,Pokemon_1018,Unbekannt,,7,1018
1019,Pokemon_1019,Unbekannt,,7,1019
1020,Pokemon_1020,Unbekannt,,7,1020
1021,Pokemon_1021,Unbekannt,,7,1021
1022,Pokemon_1022,Unbekannt,,7,1022
1023,Pokemon_1023,Unbekannt,,7,1023
1024,Pokemon_1024,Unbekannt,,7,1024
1025,Pokemon_1025,Unbekannt,,7,1025
